Workbook

Sheet Component List
A1: Eductational tool to (roughly) estimate manufacturing cost
A2: Purchase information | G2: Further engineering needed? (Input underscored columns, columns in italics are calculated automatically)
A3: # | B3: Description | C3: RDS reference | D3: Extra info | E3: Purchase link | F3: Base cost | G3: Production technique | H3: Material | I3: Unit of technique | J3: Amount | K3: ISO 2768 Accuracy | L3: Multiplier | M3: # of clampings | N3: Manufacturing cost | O3: Total cost
A4: 1 | B4: Bovenste_basisplaat_AGV | C4: M0.ULK2 | E4: Limtrade | F4: 41.6 | G4: Lasercutting | H4: Staal | I4: =_xlfn.XLOOKUP(ComponentList[[#This Row],[Production technique]],'Cost of Production Techniques'!$C$4:$C$13,'Cost of Production Techniques'!$D$4:$D$13,"") -> Length of cut [cm] | J4: 100 | K4: medium | L4: =_xlfn.XLOOKUP(ComponentList[[#This Row],[ISO 2768 Accuracy]],'Cost of Production Techniques'!$C$18:$C$21,'Cost of Production Techniques'!$D$18:$D$21,"") -> 1 | M4: 1 | N4: =_xlfn.IFNA((ComponentList[[#This Row],[Amount]]*_xlfn.XLOOKUP(ComponentList[[#This Row],[Production technique]],'Cost of Production Techniques'!$C$4:$C$13,'Cost of Production Techniques'!$E$4:$E$13,NA())+_xlfn.XLOOKUP(ComponentList[[#This Row],['# of clampings]],'Cost of Production Techniques'!$G$4:$G$9,'Cost of Production Techniques'!$I$4:$I$9,NA()))*ComponentList[[#This Row],[Multiplier]],0) -> 55 | O4: {=IF(NOT(MOD(ComponentList[[#This Row],['#]],1)),SUM(_xlfn._xlws.FILTER(ComponentList[Manufacturing cost],ROUNDDOWN(ComponentList[[#This Row],['#]],0)=ROUNDDOWN(ComponentList['#],0)))+SUM(_xlfn._xlws.FILTER(ComponentList[Base cost],ROUNDDOWN(ComponentList[[#This Row],['#]],0)=ROUNDDOWN(ComponentList['#],0))),0)} -> 247.6
A5: 1.1 | G5: Drilling | I5: =_xlfn.XLOOKUP(ComponentList[[#This Row],[Production technique]],'Cost of Production Techniques'!$C$4:$C$13,'Cost of Production Techniques'!$D$4:$D$13,"") -> Linear length of hole (depth) [cm] | J5: 2 | K5: medium | L5: =_xlfn.XLOOKUP(ComponentList[[#This Row],[ISO 2768 Accuracy]],'Cost of Production Techniques'!$C$18:$C$21,'Cost of Production Techniques'!$D$18:$D$21,"") -> 1 | M5: 1 | N5: =_xlfn.IFNA((ComponentList[[#This Row],[Amount]]*_xlfn.XLOOKUP(ComponentList[[#This Row],[Production technique]],'Cost of Production Techniques'!$C$4:$C$13,'Cost of Production Techniques'!$E$4:$E$13,NA())+_xlfn.XLOOKUP(ComponentList[[#This Row],['# of clampings]],'Cost of Production Techniques'!$G$4:$G$9,'Cost of Production Techniques'!$I$4:$I$9,NA()))*ComponentList[[#This Row],[Multiplier]],0) -> 40.4 | O5: {=IF(NOT(MOD(ComponentList[[#This Row],['#]],1)),SUM(_xlfn._xlws.FILTER(ComponentList[Manufacturing cost],ROUNDDOWN(ComponentList[[#This Row],['#]],0)=ROUNDDOWN(ComponentList['#],0)))+SUM(_xlfn._xlws.FILTER(ComponentList[Base cost],ROUNDDOWN(ComponentList[[#This Row],['#]],0)=ROUNDDOWN(ComponentList['#],0))),0)} -> 0
A6: 1.2 | G6: Milling (Rough) | I6: =_xlfn.XLOOKUP(ComponentList[[#This Row],[Production technique]],'Cost of Production Techniques'!$C$4:$C$13,'Cost of Production Techniques'!$D$4:$D$13,"") -> Removed volume [cm³] | J6: 353 | K6: medium | L6: =_xlfn.XLOOKUP(ComponentList[[#This Row],[ISO 2768 Accuracy]],'Cost of Production Techniques'!$C$18:$C$21,'Cost of Production Techniques'!$D$18:$D$21,"") -> 1 | M6: 1 | N6: =_xlfn.IFNA((ComponentList[[#This Row],[Amount]]*_xlfn.XLOOKUP(ComponentList[[#This Row],[Production technique]],'Cost of Production Techniques'!$C$4:$C$13,'Cost of Production Techniques'!$E$4:$E$13,NA())+_xlfn.XLOOKUP(ComponentList[[#This Row],['# of clampings]],'Cost of Production Techniques'!$G$4:$G$9,'Cost of Production Techniques'!$I$4:$I$9,NA()))*ComponentList[[#This Row],[Multiplier]],0) -> 110.6 | O6: {=IF(NOT(MOD(ComponentList[[#This Row],['#]],1)),SUM(_xlfn._xlws.FILTER(ComponentList[Manufacturing cost],ROUNDDOWN(ComponentList[[#This Row],['#]],0)=ROUNDDOWN(ComponentList['#],0)))+SUM(_xlfn._xlws.FILTER(ComponentList[Base cost],ROUNDDOWN(ComponentList[[#This Row],['#]],0)=ROUNDDOWN(ComponentList['#],0))),0)} -> 0
A7: 2 | B7: Onderste_basisplaat_AGV | C7: M0.ULK1 | D7: zelfde plaat als hierboven | E7: Limtrade | F7: 0 | G7: Drilling | H7: Staal | I7: =_xlfn.XLOOKUP(ComponentList[[#This Row],[Production technique]],'Cost of Production Techniques'!$C$4:$C$13,'Cost of Production Techniques'!$D$4:$D$13,"") -> Linear length of hole (depth) [cm] | J7: 2 | K7: medium | L7: =_xlfn.XLOOKUP(ComponentList[[#This Row],[ISO 2768 Accuracy]],'Cost of Production Techniques'!$C$18:$C$21,'Cost of Production Techniques'!$D$18:$D$21,"") -> 1 | M7: 1 | N7: =_xlfn.IFNA((ComponentList[[#This Row],[Amount]]*_xlfn.XLOOKUP(ComponentList[[#This Row],[Production technique]],'Cost of Production Techniques'!$C$4:$C$13,'Cost of Production Techniques'!$E$4:$E$13,NA())+_xlfn.XLOOKUP(ComponentList[[#This Row],['# of clampings]],'Cost of Production Techniques'!$G$4:$G$9,'Cost of Production Techniques'!$I$4:$I$9,NA()))*ComponentList[[#This Row],[Multiplier]],0) -> 40.4 | O7: {=IF(NOT(MOD(ComponentList[[#This Row],['#]],1)),SUM(_xlfn._xlws.FILTER(ComponentList[Manufacturing cost],ROUNDDOWN(ComponentList[[#This Row],['#]],0)=ROUNDDOWN(ComponentList['#],0)))+SUM(_xlfn._xlws.FILTER(ComponentList[Base cost],ROUNDDOWN(ComponentList[[#This Row],['#]],0)=ROUNDDOWN(ComponentList['#],0))),0)} -> 40.4
A8: 3 | B8: Verbindingsarm_AGV | C8: M0.ULL1 | E8: Limtrade | F8: 65.73 | G8: Lasercutting | H8: Staal | I8: =_xlfn.XLOOKUP(ComponentList[[#This Row],[Production technique]],'Cost of Production Techniques'!$C$4:$C$13,'Cost of Production Techniques'!$D$4:$D$13,"") -> Length of cut [cm] | J8: 115 | K8: medium | L8: =_xlfn.XLOOKUP(ComponentList[[#This Row],[ISO 2768 Accuracy]],'Cost of Production Techniques'!$C$18:$C$21,'Cost of Production Techniques'!$D$18:$D$21,"") -> 1 | M8: 1 | N8: =_xlfn.IFNA((ComponentList[[#This Row],[Amount]]*_xlfn.XLOOKUP(ComponentList[[#This Row],[Production technique]],'Cost of Production Techniques'!$C$4:$C$13,'Cost of Production Techniques'!$E$4:$E$13,NA())+_xlfn.XLOOKUP(ComponentList[[#This Row],['# of clampings]],'Cost of Production Techniques'!$G$4:$G$9,'Cost of Production Techniques'!$I$4:$I$9,NA()))*ComponentList[[#This Row],[Multiplier]],0) -> 57.25 | O8: {=IF(NOT(MOD(ComponentList[[#This Row],['#]],1)),SUM(_xlfn._xlws.FILTER(ComponentList[Manufacturing cost],ROUNDDOWN(ComponentList[[#This Row],['#]],0)=ROUNDDOWN(ComponentList['#],0)))+SUM(_xlfn._xlws.FILTER(ComponentList[Base cost],ROUNDDOWN(ComponentList[[#This Row],['#]],0)=ROUNDDOWN(ComponentList['#],0))),0)} -> 163.58
A9: 3.1 | G9: Drilling | I9: =_xlfn.XLOOKUP(ComponentList[[#This Row],[Production technique]],'Cost of Production Techniques'!$C$4:$C$13,'Cost of Production Techniques'!$D$4:$D$13,"") -> Linear length of hole (depth) [cm] | J9: 3 | K9: medium | L9: =_xlfn.XLOOKUP(ComponentList[[#This Row],[ISO 2768 Accuracy]],'Cost of Production Techniques'!$C$18:$C$21,'Cost of Production Techniques'!$D$18:$D$21,"") -> 1 | M9: 1 | N9: =_xlfn.IFNA((ComponentList[[#This Row],[Amount]]*_xlfn.XLOOKUP(ComponentList[[#This Row],[Production technique]],'Cost of Production Techniques'!$C$4:$C$13,'Cost of Production Techniques'!$E$4:$E$13,NA())+_xlfn.XLOOKUP(ComponentList[[#This Row],['# of clampings]],'Cost of Production Techniques'!$G$4:$G$9,'Cost of Production Techniques'!$I$4:$I$9,NA()))*ComponentList[[#This Row],[Multiplier]],0) -> 40.6 | O9: {=IF(NOT(MOD(ComponentList[[#This Row],['#]],1)),SUM(_xlfn._xlws.FILTER(ComponentList[Manufacturing cost],ROUNDDOWN(ComponentList[[#This Row],['#]],0)=ROUNDDOWN(ComponentList['#],0)))+SUM(_xlfn._xlws.FILTER(ComponentList[Base cost],ROUNDDOWN(ComponentList[[#This Row],['#]],0)=ROUNDDOWN(ComponentList['#],0))),0)} -> 0
A10: 4 | B10: Zijplaat_AGV | C10: M0.ULL3 | E10: Limtrade | F10: 7.51 | G10: Lasercutting | H10: Aluminium | I10: =_xlfn.XLOOKUP(ComponentList[[#This Row],[Production technique]],'Cost of Production Techniques'!$C$4:$C$13,'Cost of Production Techniques'!$D$4:$D$13,"") -> Length of cut [cm] | J10: =(91+100) -> 191 | K10: medium | L10: =_xlfn.XLOOKUP(ComponentList[[#This Row],[ISO 2768 Accuracy]],'Cost of Production Techniques'!$C$18:$C$21,'Cost of Production Techniques'!$D$18:$D$21,"") -> 1 | M10: 1 | N10: =_xlfn.IFNA((ComponentList[[#This Row],[Amount]]*_xlfn.XLOOKUP(ComponentList[[#This Row],[Production technique]],'Cost of Production Techniques'!$C$4:$C$13,'Cost of Production Techniques'!$E$4:$E$13,NA())+_xlfn.XLOOKUP(ComponentList[[#This Row],['# of clampings]],'Cost of Production Techniques'!$G$4:$G$9,'Cost of Production Techniques'!$I$4:$I$9,NA()))*ComponentList[[#This Row],[Multiplier]],0) -> 68.65 | O10: {=IF(NOT(MOD(ComponentList[[#This Row],['#]],1)),SUM(_xlfn._xlws.FILTER(ComponentList[Manufacturing cost],ROUNDDOWN(ComponentList[[#This Row],['#]],0)=ROUNDDOWN(ComponentList['#],0)))+SUM(_xlfn._xlws.FILTER(ComponentList[Base cost],ROUNDDOWN(ComponentList[[#This Row],['#]],0)=ROUNDDOWN(ComponentList['#],0))),0)} -> 116.18
A11: 4.1 | G11: Drilling | I11: =_xlfn.XLOOKUP(ComponentList[[#This Row],[Production technique]],'Cost of Production Techniques'!$C$4:$C$13,'Cost of Production Techniques'!$D$4:$D$13,"") -> Linear length of hole (depth) [cm] | J11: 0.1 | K11: medium | L11: =_xlfn.XLOOKUP(ComponentList[[#This Row],[ISO 2768 Accuracy]],'Cost of Production Techniques'!$C$18:$C$21,'Cost of Production Techniques'!$D$18:$D$21,"") -> 1 | M11: 1 | N11: =_xlfn.IFNA((ComponentList[[#This Row],[Amount]]*_xlfn.XLOOKUP(ComponentList[[#This Row],[Production technique]],'Cost of Production Techniques'!$C$4:$C$13,'Cost of Production Techniques'!$E$4:$E$13,NA())+_xlfn.XLOOKUP(ComponentList[[#This Row],['# of clampings]],'Cost of Production Techniques'!$G$4:$G$9,'Cost of Production Techniques'!$I$4:$I$9,NA()))*ComponentList[[#This Row],[Multiplier]],0) -> 40.02 | O11: {=IF(NOT(MOD(ComponentList[[#This Row],['#]],1)),SUM(_xlfn._xlws.FILTER(ComponentList[Manufacturing cost],ROUNDDOWN(ComponentList[[#This Row],['#]],0)=ROUNDDOWN(ComponentList['#],0)))+SUM(_xlfn._xlws.FILTER(ComponentList[Base cost],ROUNDDOWN(ComponentList[[#This Row],['#]],0)=ROUNDDOWN(ComponentList['#],0))),0)} -> 0
A12: 5 | B12: Voor-/achterplaat_AGV | C12: M0.ULL2 | D12: zelfde plaat als hierboven | E12: Limtrade | F12: 0 | G12: Lasercutting | H12: Aluminium | I12: =_xlfn.XLOOKUP(ComponentList[[#This Row],[Production technique]],'Cost of Production Techniques'!$C$4:$C$13,'Cost of Production Techniques'!$D$4:$D$13,"") -> Length of cut [cm] | J12: 0 | K12: medium | L12: =_xlfn.XLOOKUP(ComponentList[[#This Row],[ISO 2768 Accuracy]],'Cost of Production Techniques'!$C$18:$C$21,'Cost of Production Techniques'!$D$18:$D$21,"") -> 1 | M12: 0 | N12: =_xlfn.IFNA((ComponentList[[#This Row],[Amount]]*_xlfn.XLOOKUP(ComponentList[[#This Row],[Production technique]],'Cost of Production Techniques'!$C$4:$C$13,'Cost of Production Techniques'!$E$4:$E$13,NA())+_xlfn.XLOOKUP(ComponentList[[#This Row],['# of clampings]],'Cost of Production Techniques'!$G$4:$G$9,'Cost of Production Techniques'!$I$4:$I$9,NA()))*ComponentList[[#This Row],[Multiplier]],0) -> 0 | O12: {=IF(NOT(MOD(ComponentList[[#This Row],['#]],1)),SUM(_xlfn._xlws.FILTER(ComponentList[Manufacturing cost],ROUNDDOWN(ComponentList[[#This Row],['#]],0)=ROUNDDOWN(ComponentList['#],0)))+SUM(_xlfn._xlws.FILTER(ComponentList[Base cost],ROUNDDOWN(ComponentList[[#This Row],['#]],0)=ROUNDDOWN(ComponentList['#],0))),0)} -> 0
A13: 5.1 | G13: Drilling | I13: =_xlfn.XLOOKUP(ComponentList[[#This Row],[Production technique]],'Cost of Production Techniques'!$C$4:$C$13,'Cost of Production Techniques'!$D$4:$D$13,"") -> Linear length of hole (depth) [cm] | J13: 0 | K13: medium | L13: =_xlfn.XLOOKUP(ComponentList[[#This Row],[ISO 2768 Accuracy]],'Cost of Production Techniques'!$C$18:$C$21,'Cost of Production Techniques'!$D$18:$D$21,"") -> 1 | M13: 0 | N13: =_xlfn.IFNA((ComponentList[[#This Row],[Amount]]*_xlfn.XLOOKUP(ComponentList[[#This Row],[Production technique]],'Cost of Production Techniques'!$C$4:$C$13,'Cost of Production Techniques'!$E$4:$E$13,NA())+_xlfn.XLOOKUP(ComponentList[[#This Row],['# of clampings]],'Cost of Production Techniques'!$G$4:$G$9,'Cost of Production Techniques'!$I$4:$I$9,NA()))*ComponentList[[#This Row],[Multiplier]],0) -> 0 | O13: {=IF(NOT(MOD(ComponentList[[#This Row],['#]],1)),SUM(_xlfn._xlws.FILTER(ComponentList[Manufacturing cost],ROUNDDOWN(ComponentList[[#This Row],['#]],0)=ROUNDDOWN(ComponentList['#],0)))+SUM(_xlfn._xlws.FILTER(ComponentList[Base cost],ROUNDDOWN(ComponentList[[#This Row],['#]],0)=ROUNDDOWN(ComponentList['#],0))),0)} -> 0
A14: 6 | B14: L-vormige dwarsbalk | C14: M0.ULE2 | D14: zelfde volume als bij onderste basisplaat | E14: Tallenstockholders | F14: ? | G14: Drilling | H14: Staal | I14: =_xlfn.XLOOKUP(ComponentList[[#This Row],[Production technique]],'Cost of Production Techniques'!$C$4:$C$13,'Cost of Production Techniques'!$D$4:$D$13,"") -> Linear length of hole (depth) [cm] | J14: 4 | K14: medium | L14: =_xlfn.XLOOKUP(ComponentList[[#This Row],[ISO 2768 Accuracy]],'Cost of Production Techniques'!$C$18:$C$21,'Cost of Production Techniques'!$D$18:$D$21,"") -> 1 | M14: 3 | N14: =_xlfn.IFNA((ComponentList[[#This Row],[Amount]]*_xlfn.XLOOKUP(ComponentList[[#This Row],[Production technique]],'Cost of Production Techniques'!$C$4:$C$13,'Cost of Production Techniques'!$E$4:$E$13,NA())+_xlfn.XLOOKUP(ComponentList[[#This Row],['# of clampings]],'Cost of Production Techniques'!$G$4:$G$9,'Cost of Production Techniques'!$I$4:$I$9,NA()))*ComponentList[[#This Row],[Multiplier]],0) -> 70.8 | O14: {=IF(NOT(MOD(ComponentList[[#This Row],['#]],1)),SUM(_xlfn._xlws.FILTER(ComponentList[Manufacturing cost],ROUNDDOWN(ComponentList[[#This Row],['#]],0)=ROUNDDOWN(ComponentList['#],0)))+SUM(_xlfn._xlws.FILTER(ComponentList[Base cost],ROUNDDOWN(ComponentList[[#This Row],['#]],0)=ROUNDDOWN(ComponentList['#],0))),0)} -> 70.8
A15: 7 | B15: Dwarsligger | C15: M0.ULE3 | E15: Moris | F15: ? | G15: Drilling | H15: Staal | I15: =_xlfn.XLOOKUP(ComponentList[[#This Row],[Production technique]],'Cost of Production Techniques'!$C$4:$C$13,'Cost of Production Techniques'!$D$4:$D$13,"") -> Linear length of hole (depth) [cm] | J15: 4 | K15: medium | L15: =_xlfn.XLOOKUP(ComponentList[[#This Row],[ISO 2768 Accuracy]],'Cost of Production Techniques'!$C$18:$C$21,'Cost of Production Techniques'!$D$18:$D$21,"") -> 1 | M15: 2 | N15: =_xlfn.IFNA((ComponentList[[#This Row],[Amount]]*_xlfn.XLOOKUP(ComponentList[[#This Row],[Production technique]],'Cost of Production Techniques'!$C$4:$C$13,'Cost of Production Techniques'!$E$4:$E$13,NA())+_xlfn.XLOOKUP(ComponentList[[#This Row],['# of clampings]],'Cost of Production Techniques'!$G$4:$G$9,'Cost of Production Techniques'!$I$4:$I$9,NA()))*ComponentList[[#This Row],[Multiplier]],0) -> 50.8 | O15: {=IF(NOT(MOD(ComponentList[[#This Row],['#]],1)),SUM(_xlfn._xlws.FILTER(ComponentList[Manufacturing cost],ROUNDDOWN(ComponentList[[#This Row],['#]],0)=ROUNDDOWN(ComponentList['#],0)))+SUM(_xlfn._xlws.FILTER(ComponentList[Base cost],ROUNDDOWN(ComponentList[[#This Row],['#]],0)=ROUNDDOWN(ComponentList['#],0))),0)} -> 50.8
A16: 8 | B16: Rechthoek_dwarsverbinding | C16: M0.ULL4 | E16: Limtrade | F16: 36.19 | G16: Lasercutting | H16: Staal | I16: =_xlfn.XLOOKUP(ComponentList[[#This Row],[Production technique]],'Cost of Production Techniques'!$C$4:$C$13,'Cost of Production Techniques'!$D$4:$D$13,"") -> Length of cut [cm] | J16: =(45+80) -> 125 | K16: medium | L16: =_xlfn.XLOOKUP(ComponentList[[#This Row],[ISO 2768 Accuracy]],'Cost of Production Techniques'!$C$18:$C$21,'Cost of Production Techniques'!$D$18:$D$21,"") -> 1 | M16: 1 | N16: =_xlfn.IFNA((ComponentList[[#This Row],[Amount]]*_xlfn.XLOOKUP(ComponentList[[#This Row],[Production technique]],'Cost of Production Techniques'!$C$4:$C$13,'Cost of Production Techniques'!$E$4:$E$13,NA())+_xlfn.XLOOKUP(ComponentList[[#This Row],['# of clampings]],'Cost of Production Techniques'!$G$4:$G$9,'Cost of Production Techniques'!$I$4:$I$9,NA()))*ComponentList[[#This Row],[Multiplier]],0) -> 58.75 | O16: {=IF(NOT(MOD(ComponentList[[#This Row],['#]],1)),SUM(_xlfn._xlws.FILTER(ComponentList[Manufacturing cost],ROUNDDOWN(ComponentList[[#This Row],['#]],0)=ROUNDDOWN(ComponentList['#],0)))+SUM(_xlfn._xlws.FILTER(ComponentList[Base cost],ROUNDDOWN(ComponentList[[#This Row],['#]],0)=ROUNDDOWN(ComponentList['#],0))),0)} -> 135.24
A17: 8.1 | G17: Drilling | I17: =_xlfn.XLOOKUP(ComponentList[[#This Row],[Production technique]],'Cost of Production Techniques'!$C$4:$C$13,'Cost of Production Techniques'!$D$4:$D$13,"") -> Linear length of hole (depth) [cm] | J17: 1.5 | K17: medium | L17: =_xlfn.XLOOKUP(ComponentList[[#This Row],[ISO 2768 Accuracy]],'Cost of Production Techniques'!$C$18:$C$21,'Cost of Production Techniques'!$D$18:$D$21,"") -> 1 | M17: 1 | N17: =_xlfn.IFNA((ComponentList[[#This Row],[Amount]]*_xlfn.XLOOKUP(ComponentList[[#This Row],[Production technique]],'Cost of Production Techniques'!$C$4:$C$13,'Cost of Production Techniques'!$E$4:$E$13,NA())+_xlfn.XLOOKUP(ComponentList[[#This Row],['# of clampings]],'Cost of Production Techniques'!$G$4:$G$9,'Cost of Production Techniques'!$I$4:$I$9,NA()))*ComponentList[[#This Row],[Multiplier]],0) -> 40.3 | O17: {=IF(NOT(MOD(ComponentList[[#This Row],['#]],1)),SUM(_xlfn._xlws.FILTER(ComponentList[Manufacturing cost],ROUNDDOWN(ComponentList[[#This Row],['#]],0)=ROUNDDOWN(ComponentList['#],0)))+SUM(_xlfn._xlws.FILTER(ComponentList[Base cost],ROUNDDOWN(ComponentList[[#This Row],['#]],0)=ROUNDDOWN(ComponentList['#],0))),0)} -> 0
A18: 9 | B18: Vierkant_dwarsverbinding | C18: M0.ULL5 | D18: zelfde plaat als hierboven | E18: Limtrade | F18: 0 | G18: Lasercutting | H18: Staal | I18: =_xlfn.XLOOKUP(ComponentList[[#This Row],[Production technique]],'Cost of Production Techniques'!$C$4:$C$13,'Cost of Production Techniques'!$D$4:$D$13,"") -> Length of cut [cm] | J18: 0 | K18: medium | L18: =_xlfn.XLOOKUP(ComponentList[[#This Row],[ISO 2768 Accuracy]],'Cost of Production Techniques'!$C$18:$C$21,'Cost of Production Techniques'!$D$18:$D$21,"") -> 1 | M18: 0 | N18: =_xlfn.IFNA((ComponentList[[#This Row],[Amount]]*_xlfn.XLOOKUP(ComponentList[[#This Row],[Production technique]],'Cost of Production Techniques'!$C$4:$C$13,'Cost of Production Techniques'!$E$4:$E$13,NA())+_xlfn.XLOOKUP(ComponentList[[#This Row],['# of clampings]],'Cost of Production Techniques'!$G$4:$G$9,'Cost of Production Techniques'!$I$4:$I$9,NA()))*ComponentList[[#This Row],[Multiplier]],0) -> 0 | O18: {=IF(NOT(MOD(ComponentList[[#This Row],['#]],1)),SUM(_xlfn._xlws.FILTER(ComponentList[Manufacturing cost],ROUNDDOWN(ComponentList[[#This Row],['#]],0)=ROUNDDOWN(ComponentList['#],0)))+SUM(_xlfn._xlws.FILTER(ComponentList[Base cost],ROUNDDOWN(ComponentList[[#This Row],['#]],0)=ROUNDDOWN(ComponentList['#],0))),0)} -> 0
A19: 9.1 | G19: Drilling | I19: =_xlfn.XLOOKUP(ComponentList[[#This Row],[Production technique]],'Cost of Production Techniques'!$C$4:$C$13,'Cost of Production Techniques'!$D$4:$D$13,"") -> Linear length of hole (depth) [cm] | J19: 0 | K19: medium | L19: =_xlfn.XLOOKUP(ComponentList[[#This Row],[ISO 2768 Accuracy]],'Cost of Production Techniques'!$C$18:$C$21,'Cost of Production Techniques'!$D$18:$D$21,"") -> 1 | M19: 0 | N19: =_xlfn.IFNA((ComponentList[[#This Row],[Amount]]*_xlfn.XLOOKUP(ComponentList[[#This Row],[Production technique]],'Cost of Production Techniques'!$C$4:$C$13,'Cost of Production Techniques'!$E$4:$E$13,NA())+_xlfn.XLOOKUP(ComponentList[[#This Row],['# of clampings]],'Cost of Production Techniques'!$G$4:$G$9,'Cost of Production Techniques'!$I$4:$I$9,NA()))*ComponentList[[#This Row],[Multiplier]],0) -> 0 | O19: {=IF(NOT(MOD(ComponentList[[#This Row],['#]],1)),SUM(_xlfn._xlws.FILTER(ComponentList[Manufacturing cost],ROUNDDOWN(ComponentList[[#This Row],['#]],0)=ROUNDDOWN(ComponentList['#],0)))+SUM(_xlfn._xlws.FILTER(ComponentList[Base cost],ROUNDDOWN(ComponentList[[#This Row],['#]],0)=ROUNDDOWN(ComponentList['#],0))),0)} -> 0
D20: Hieronder: aangekochte onderdelen | I20: =_xlfn.XLOOKUP(ComponentList[[#This Row],[Production technique]],'Cost of Production Techniques'!$C$4:$C$13,'Cost of Production Techniques'!$D$4:$D$13,"") | L20: =_xlfn.XLOOKUP(ComponentList[[#This Row],[ISO 2768 Accuracy]],'Cost of Production Techniques'!$C$18:$C$21,'Cost of Production Techniques'!$D$18:$D$21,"") | N20: =_xlfn.IFNA((ComponentList[[#This Row],[Amount]]*_xlfn.XLOOKUP(ComponentList[[#This Row],[Production technique]],'Cost of Production Techniques'!$C$4:$C$13,'Cost of Production Techniques'!$E$4:$E$13,NA())+_xlfn.XLOOKUP(ComponentList[[#This Row],['# of clampings]],'Cost of Production Techniques'!$G$4:$G$9,'Cost of Production Techniques'!$I$4:$I$9,NA()))*ComponentList[[#This Row],[Multiplier]],0) -> 0 | O20: {=IF(NOT(MOD(ComponentList[[#This Row],['#]],1)),SUM(_xlfn._xlws.FILTER(ComponentList[Manufacturing cost],ROUNDDOWN(ComponentList[[#This Row],['#]],0)=ROUNDDOWN(ComponentList['#],0)))+SUM(_xlfn._xlws.FILTER(ComponentList[Base cost],ROUNDDOWN(ComponentList[[#This Row],['#]],0)=ROUNDDOWN(ComponentList['#],0))),0)} -> 6572.57
A21: 10 | B21: Hoekprofielen_dwarsverbinding | C21: M0.UQB2 | D21: 16 stuks/module | E21: Limtrade | F21: 96.96 | G21: Drilling | H21: Staal | I21: =_xlfn.XLOOKUP(ComponentList[[#This Row],[Production technique]],'Cost of Production Techniques'!$C$4:$C$13,'Cost of Production Techniques'!$D$4:$D$13,"") -> Linear length of hole (depth) [cm] | J21: 0.5 | K21: medium | L21: =_xlfn.XLOOKUP(ComponentList[[#This Row],[ISO 2768 Accuracy]],'Cost of Production Techniques'!$C$18:$C$21,'Cost of Production Techniques'!$D$18:$D$21,"") -> 1 | M21: 1 | N21: =_xlfn.IFNA((ComponentList[[#This Row],[Amount]]*_xlfn.XLOOKUP(ComponentList[[#This Row],[Production technique]],'Cost of Production Techniques'!$C$4:$C$13,'Cost of Production Techniques'!$E$4:$E$13,NA())+_xlfn.XLOOKUP(ComponentList[[#This Row],['# of clampings]],'Cost of Production Techniques'!$G$4:$G$9,'Cost of Production Techniques'!$I$4:$I$9,NA()))*ComponentList[[#This Row],[Multiplier]],0) -> 40.1 | O21: {=IF(NOT(MOD(ComponentList[[#This Row],['#]],1)),SUM(_xlfn._xlws.FILTER(ComponentList[Manufacturing cost],ROUNDDOWN(ComponentList[[#This Row],['#]],0)=ROUNDDOWN(ComponentList['#],0)))+SUM(_xlfn._xlws.FILTER(ComponentList[Base cost],ROUNDDOWN(ComponentList[[#This Row],['#]],0)=ROUNDDOWN(ComponentList['#],0))),0)} -> 137.06
A22: 11 | B22: flensplaat+bearing | C22: M0.UQB1/M0.WQE1 | D22: 4 stuks | E22: Winkel.de | F22: ? | I22: =_xlfn.XLOOKUP(ComponentList[[#This Row],[Production technique]],'Cost of Production Techniques'!$C$4:$C$13,'Cost of Production Techniques'!$D$4:$D$13,"") | L22: =_xlfn.XLOOKUP(ComponentList[[#This Row],[ISO 2768 Accuracy]],'Cost of Production Techniques'!$C$18:$C$21,'Cost of Production Techniques'!$D$18:$D$21,"") | N22: =_xlfn.IFNA((ComponentList[[#This Row],[Amount]]*_xlfn.XLOOKUP(ComponentList[[#This Row],[Production technique]],'Cost of Production Techniques'!$C$4:$C$13,'Cost of Production Techniques'!$E$4:$E$13,NA())+_xlfn.XLOOKUP(ComponentList[[#This Row],['# of clampings]],'Cost of Production Techniques'!$G$4:$G$9,'Cost of Production Techniques'!$I$4:$I$9,NA()))*ComponentList[[#This Row],[Multiplier]],0) -> 0 | O22: {=IF(NOT(MOD(ComponentList[[#This Row],['#]],1)),SUM(_xlfn._xlws.FILTER(ComponentList[Manufacturing cost],ROUNDDOWN(ComponentList[[#This Row],['#]],0)=ROUNDDOWN(ComponentList['#],0)))+SUM(_xlfn._xlws.FILTER(ComponentList[Base cost],ROUNDDOWN(ComponentList[[#This Row],['#]],0)=ROUNDDOWN(ComponentList['#],0))),0)} -> 0
A23: 12 | B23: U-profiel geleiding | C23: M0.WRA1 | D23: 2 stuks/module | E23: Winkel.de | F23: ? | G23: Drilling | H23: Staal | I23: =_xlfn.XLOOKUP(ComponentList[[#This Row],[Production technique]],'Cost of Production Techniques'!$C$4:$C$13,'Cost of Production Techniques'!$D$4:$D$13,"") -> Linear length of hole (depth) [cm] | J23: 1.2 | K23: fine | L23: =_xlfn.XLOOKUP(ComponentList[[#This Row],[ISO 2768 Accuracy]],'Cost of Production Techniques'!$C$18:$C$21,'Cost of Production Techniques'!$D$18:$D$21,"") -> 2 | M23: 1 | N23: =_xlfn.IFNA((ComponentList[[#This Row],[Amount]]*_xlfn.XLOOKUP(ComponentList[[#This Row],[Production technique]],'Cost of Production Techniques'!$C$4:$C$13,'Cost of Production Techniques'!$E$4:$E$13,NA())+_xlfn.XLOOKUP(ComponentList[[#This Row],['# of clampings]],'Cost of Production Techniques'!$G$4:$G$9,'Cost of Production Techniques'!$I$4:$I$9,NA()))*ComponentList[[#This Row],[Multiplier]],0) -> 80.48 | O23: {=IF(NOT(MOD(ComponentList[[#This Row],['#]],1)),SUM(_xlfn._xlws.FILTER(ComponentList[Manufacturing cost],ROUNDDOWN(ComponentList[[#This Row],['#]],0)=ROUNDDOWN(ComponentList['#],0)))+SUM(_xlfn._xlws.FILTER(ComponentList[Base cost],ROUNDDOWN(ComponentList[[#This Row],['#]],0)=ROUNDDOWN(ComponentList['#],0))),0)} -> 80.48
B24: I-profiel voor kolom HEB240 | C24: M0.ULD1 | D24: 6/module met verzinken | E24: Limtrade | F24: =863.9*6 -> 5183.4 | G24: Drilling | H24: Staal | I24: =_xlfn.XLOOKUP(ComponentList[[#This Row],[Production technique]],'Cost of Production Techniques'!$C$4:$C$13,'Cost of Production Techniques'!$D$4:$D$13,"") -> Linear length of hole (depth) [cm] | J24: 1.7 | K24: medium | L24: =_xlfn.XLOOKUP(ComponentList[[#This Row],[ISO 2768 Accuracy]],'Cost of Production Techniques'!$C$18:$C$21,'Cost of Production Techniques'!$D$18:$D$21,"") -> 1 | M24: 1 | N24: =_xlfn.IFNA((ComponentList[[#This Row],[Amount]]*_xlfn.XLOOKUP(ComponentList[[#This Row],[Production technique]],'Cost of Production Techniques'!$C$4:$C$13,'Cost of Production Techniques'!$E$4:$E$13,NA())+_xlfn.XLOOKUP(ComponentList[[#This Row],['# of clampings]],'Cost of Production Techniques'!$G$4:$G$9,'Cost of Production Techniques'!$I$4:$I$9,NA()))*ComponentList[[#This Row],[Multiplier]],0) -> 40.34 | O24: {=IF(NOT(MOD(ComponentList[[#This Row],['#]],1)),SUM(_xlfn._xlws.FILTER(ComponentList[Manufacturing cost],ROUNDDOWN(ComponentList[[#This Row],['#]],0)=ROUNDDOWN(ComponentList['#],0)))+SUM(_xlfn._xlws.FILTER(ComponentList[Base cost],ROUNDDOWN(ComponentList[[#This Row],['#]],0)=ROUNDDOWN(ComponentList['#],0))),0)} -> 6572.57
B25: I-profiel horizontale balk HEB240 | C25: M0.ULE1 | D25: 3/module met verzinken | E25: Limtrade | F25: =448.57*3 -> 1345.71 | I25: =_xlfn.XLOOKUP(ComponentList[[#This Row],[Production technique]],'Cost of Production Techniques'!$C$4:$C$13,'Cost of Production Techniques'!$D$4:$D$13,"") | L25: =_xlfn.XLOOKUP(ComponentList[[#This Row],[ISO 2768 Accuracy]],'Cost of Production Techniques'!$C$18:$C$21,'Cost of Production Techniques'!$D$18:$D$21,"") | N25: =_xlfn.IFNA((ComponentList[[#This Row],[Amount]]*_xlfn.XLOOKUP(ComponentList[[#This Row],[Production technique]],'Cost of Production Techniques'!$C$4:$C$13,'Cost of Production Techniques'!$E$4:$E$13,NA())+_xlfn.XLOOKUP(ComponentList[[#This Row],['# of clampings]],'Cost of Production Techniques'!$G$4:$G$9,'Cost of Production Techniques'!$I$4:$I$9,NA()))*ComponentList[[#This Row],[Multiplier]],0) -> 0 | O25: {=IF(NOT(MOD(ComponentList[[#This Row],['#]],1)),SUM(_xlfn._xlws.FILTER(ComponentList[Manufacturing cost],ROUNDDOWN(ComponentList[[#This Row],['#]],0)=ROUNDDOWN(ComponentList['#],0)))+SUM(_xlfn._xlws.FILTER(ComponentList[Base cost],ROUNDDOWN(ComponentList[[#This Row],['#]],0)=ROUNDDOWN(ComponentList['#],0))),0)} -> 6572.57
B26: Bout M8 zeksant | C26: M0.UQB3 | D26: prijs voor 1 bout | E26: Ijzershop | F26: 0.35 | I26: =_xlfn.XLOOKUP(ComponentList[[#This Row],[Production technique]],'Cost of Production Techniques'!$C$4:$C$13,'Cost of Production Techniques'!$D$4:$D$13,"") | L26: =_xlfn.XLOOKUP(ComponentList[[#This Row],[ISO 2768 Accuracy]],'Cost of Production Techniques'!$C$18:$C$21,'Cost of Production Techniques'!$D$18:$D$21,"") | N26: =_xlfn.IFNA((ComponentList[[#This Row],[Amount]]*_xlfn.XLOOKUP(ComponentList[[#This Row],[Production technique]],'Cost of Production Techniques'!$C$4:$C$13,'Cost of Production Techniques'!$E$4:$E$13,NA())+_xlfn.XLOOKUP(ComponentList[[#This Row],['# of clampings]],'Cost of Production Techniques'!$G$4:$G$9,'Cost of Production Techniques'!$I$4:$I$9,NA()))*ComponentList[[#This Row],[Multiplier]],0) -> 0 | O26: {=IF(NOT(MOD(ComponentList[[#This Row],['#]],1)),SUM(_xlfn._xlws.FILTER(ComponentList[Manufacturing cost],ROUNDDOWN(ComponentList[[#This Row],['#]],0)=ROUNDDOWN(ComponentList['#],0)))+SUM(_xlfn._xlws.FILTER(ComponentList[Base cost],ROUNDDOWN(ComponentList[[#This Row],['#]],0)=ROUNDDOWN(ComponentList['#],0))),0)} -> 6572.57
B27: Bout M8 cilinderkop | C27: M0.UQB4 | D27: prijs voor 1 bout | E27: Ijzershop | F27: 0.5 | I27: =_xlfn.XLOOKUP(ComponentList[[#This Row],[Production technique]],'Cost of Production Techniques'!$C$4:$C$13,'Cost of Production Techniques'!$D$4:$D$13,"") | L27: =_xlfn.XLOOKUP(ComponentList[[#This Row],[ISO 2768 Accuracy]],'Cost of Production Techniques'!$C$18:$C$21,'Cost of Production Techniques'!$D$18:$D$21,"") | N27: =_xlfn.IFNA((ComponentList[[#This Row],[Amount]]*_xlfn.XLOOKUP(ComponentList[[#This Row],[Production technique]],'Cost of Production Techniques'!$C$4:$C$13,'Cost of Production Techniques'!$E$4:$E$13,NA())+_xlfn.XLOOKUP(ComponentList[[#This Row],['# of clampings]],'Cost of Production Techniques'!$G$4:$G$9,'Cost of Production Techniques'!$I$4:$I$9,NA()))*ComponentList[[#This Row],[Multiplier]],0) -> 0 | O27: {=IF(NOT(MOD(ComponentList[[#This Row],['#]],1)),SUM(_xlfn._xlws.FILTER(ComponentList[Manufacturing cost],ROUNDDOWN(ComponentList[[#This Row],['#]],0)=ROUNDDOWN(ComponentList['#],0)))+SUM(_xlfn._xlws.FILTER(ComponentList[Base cost],ROUNDDOWN(ComponentList[[#This Row],['#]],0)=ROUNDDOWN(ComponentList['#],0))),0)} -> 6572.57
B28: Bout M16 zeskant | C28: M0.UQB5 | D28: prijs voor 1 bout | E28: Ijzershop | F28: 1.69 | I28: =_xlfn.XLOOKUP(ComponentList[[#This Row],[Production technique]],'Cost of Production Techniques'!$C$4:$C$13,'Cost of Production Techniques'!$D$4:$D$13,"") | L28: =_xlfn.XLOOKUP(ComponentList[[#This Row],[ISO 2768 Accuracy]],'Cost of Production Techniques'!$C$18:$C$21,'Cost of Production Techniques'!$D$18:$D$21,"") | N28: =_xlfn.IFNA((ComponentList[[#This Row],[Amount]]*_xlfn.XLOOKUP(ComponentList[[#This Row],[Production technique]],'Cost of Production Techniques'!$C$4:$C$13,'Cost of Production Techniques'!$E$4:$E$13,NA())+_xlfn.XLOOKUP(ComponentList[[#This Row],['# of clampings]],'Cost of Production Techniques'!$G$4:$G$9,'Cost of Production Techniques'!$I$4:$I$9,NA()))*ComponentList[[#This Row],[Multiplier]],0) -> 0 | O28: {=IF(NOT(MOD(ComponentList[[#This Row],['#]],1)),SUM(_xlfn._xlws.FILTER(ComponentList[Manufacturing cost],ROUNDDOWN(ComponentList[[#This Row],['#]],0)=ROUNDDOWN(ComponentList['#],0)))+SUM(_xlfn._xlws.FILTER(ComponentList[Base cost],ROUNDDOWN(ComponentList[[#This Row],['#]],0)=ROUNDDOWN(ComponentList['#],0))),0)} -> 6572.57
B29: Moer DIN M8 | C29: M0.UQB14 | D29: prijs voor 1 moer | E29: Ijzershop | F29: 0.23 | I29: =_xlfn.XLOOKUP(ComponentList[[#This Row],[Production technique]],'Cost of Production Techniques'!$C$4:$C$13,'Cost of Production Techniques'!$D$4:$D$13,"") | L29: =_xlfn.XLOOKUP(ComponentList[[#This Row],[ISO 2768 Accuracy]],'Cost of Production Techniques'!$C$18:$C$21,'Cost of Production Techniques'!$D$18:$D$21,"") | N29: =_xlfn.IFNA((ComponentList[[#This Row],[Amount]]*_xlfn.XLOOKUP(ComponentList[[#This Row],[Production technique]],'Cost of Production Techniques'!$C$4:$C$13,'Cost of Production Techniques'!$E$4:$E$13,NA())+_xlfn.XLOOKUP(ComponentList[[#This Row],['# of clampings]],'Cost of Production Techniques'!$G$4:$G$9,'Cost of Production Techniques'!$I$4:$I$9,NA()))*ComponentList[[#This Row],[Multiplier]],0) -> 0 | O29: {=IF(NOT(MOD(ComponentList[[#This Row],['#]],1)),SUM(_xlfn._xlws.FILTER(ComponentList[Manufacturing cost],ROUNDDOWN(ComponentList[[#This Row],['#]],0)=ROUNDDOWN(ComponentList['#],0)))+SUM(_xlfn._xlws.FILTER(ComponentList[Base cost],ROUNDDOWN(ComponentList[[#This Row],['#]],0)=ROUNDDOWN(ComponentList['#],0))),0)} -> 6572.57
B30: Moer DIN M16 | C30: M0.UQB15 | D30: prijs voor 1 moer | E30: IJzershop | F30: 0.35 | I30: =_xlfn.XLOOKUP(ComponentList[[#This Row],[Production technique]],'Cost of Production Techniques'!$C$4:$C$13,'Cost of Production Techniques'!$D$4:$D$13,"") | L30: =_xlfn.XLOOKUP(ComponentList[[#This Row],[ISO 2768 Accuracy]],'Cost of Production Techniques'!$C$18:$C$21,'Cost of Production Techniques'!$D$18:$D$21,"") | N30: =_xlfn.IFNA((ComponentList[[#This Row],[Amount]]*_xlfn.XLOOKUP(ComponentList[[#This Row],[Production technique]],'Cost of Production Techniques'!$C$4:$C$13,'Cost of Production Techniques'!$E$4:$E$13,NA())+_xlfn.XLOOKUP(ComponentList[[#This Row],['# of clampings]],'Cost of Production Techniques'!$G$4:$G$9,'Cost of Production Techniques'!$I$4:$I$9,NA()))*ComponentList[[#This Row],[Multiplier]],0) -> 0 | O30: {=IF(NOT(MOD(ComponentList[[#This Row],['#]],1)),SUM(_xlfn._xlws.FILTER(ComponentList[Manufacturing cost],ROUNDDOWN(ComponentList[[#This Row],['#]],0)=ROUNDDOWN(ComponentList['#],0)))+SUM(_xlfn._xlws.FILTER(ComponentList[Base cost],ROUNDDOWN(ComponentList[[#This Row],['#]],0)=ROUNDDOWN(ComponentList['#],0))),0)} -> 6572.57
A31: Total | F31: =SUBTOTAL(109,ComponentList[Base cost]) -> 6780.22 | N31: =SUBTOTAL(109,ComponentList[Manufacturing cost]) -> 834.49 | O31: =SUBTOTAL(109,ComponentList[Total cost]) -> 53622.7

Sheet Cost of Production Techniques
C3: Examples of production techniques | E3: cost per unit | G3: Number of clamping setups (opspanningen) | H3: cost per clamping | I3: total clamping cost
C4: Milling (Rough) | D4: Removed volume [cm³] | E4: 0.2 | G4: 1 | H4: 40 | I4: =SUM($H$4:H4) -> 40
C5: Milling (Fine) | D5: Finished surface [cm²] | E5: 0.2 | G5: 2 | H5: 10 | I5: =SUM($H$4:H5) -> 50
C6: Turning (Rough) | D6: Removed volume [cm³] | E6: 0.15 | G6: 3 | H6: 20 | I6: =SUM($H$4:H6) -> 70
C7: Turning (Fine) | D7: Finished surface [cm²] | E7: 0.25 | G7: 4 | H7: 30 | I7: =SUM($H$4:H7) -> 100
C8: Drilling | D8: Linear length of hole (depth) [cm] | E8: 0.2 | G8: 5 | H8: 40 | I8: =SUM($H$4:H8) -> 140
C9: Lasercutting | D9: Length of cut [cm] | E9: 0.15 | G9: 6 | H9: 50 | I9: =SUM($H$4:H9) -> 190
C10: Waterjetcutting | D10: Length to cut [cm] | E10: 0.2
C11: Grinding | D11: Finished surface [cm²] | E11: 0.3
C12: Sandcasting | D12: Cast volume [cm³] | E12: 0.15
C13: 3D printing | D13: Printed volume (incl. material) [cm³] | E13: 0.5
C17: Multipliers for accuracy requirements (ISO 2768) | D17: Multiplier
C18: fine | D18: 2
C19: medium | D19: 1
C20: coarse | D20: 0.9
C21: very coarse | D21: 0.75
